GEN_BUS,PG,QG,QMAX,QMIN,VG,MBASE,GEN_STATUS,PMAX,PMIN,PC1,PC2,QC1MIN,QC1MAX,QC2MIN,QC2MAX,RAMP_AGC,RAMP_10,RAMP_30,RAMP_Q,APF,MU_PMAX,MU_PMIN,MU_QMAX,MU_QMIN
1,35.9999695,-4.25021339,150,-20,0.983607682,100,1,80,0,0,0,0,0,0,0,0,0,0,0,0,0,0,0,0
2,30.7654043,5.8938117,60,-20,0.979377875,100,1,80,0,0,0,0,0,0,0,0,0,0,0,0,0,0,0,0
22,30.2046952,19.7895184,62.5,-15,1.00014809,100,1,50,0,0,0,0,0,0,0,0,0,0,0,0,0,0,0,0
27,35.9999819,34.7940358,48.7,-15,1.06895082,100,1,55,0,0,0,0,0,0,0,0,0,0,0,0,0,0,0,0
23,22.5542191,7.53761973,40,-10,1.02665449,100,1,30,0,0,0,0,0,0,0,0,0,0,0,0,0,0,0,0
13,35.9999741,40.2546904,44.7,-15,1.07100045,100,1,40,0,0,0,0,0,0,0,0,0,0,0,0,0,0,0,0
