GEN_BUS,PG,QG,QMAX,QMIN,VG,MBASE,GEN_STATUS,PMAX,PMIN,PC1,PC2,QC1MIN,QC1MAX,QC2MIN,QC2MAX,RAMP_AGC,RAMP_10,RAMP_30,RAMP_Q,APF
1,25.9738031,-0.998484238,150,-20,1,100,1,80,0,0,0,0,0,0,0,0,0,0,0,0
2,60.97,31.998982,60,-20,1,100,1,80,0,0,0,0,0,0,0,0,0,0,0,0
22,21.59,39.5699679,62.5,-15,1,100,1,50,0,0,0,0,0,0,0,0,0,0,0,0
27,26.91,10.5405101,48.7,-15,1,100,1,55,0,0,0,0,0,0,0,0,0,0,0,0
23,19.2,7.95095249,40,-10,1,100,1,30,0,0,0,0,0,0,0,0,0,0,0,0
13,37,11.3528772,44.7,-15,1,100,1,40,0,0,0,0,0,0,0,0,0,0,0,0
