GEN_BUS,PG,QG,QMAX,QMIN,VG,MBASE,GEN_STATUS,PMAX,PMIN,PC1,PC2,QC1MIN,QC1MAX,QC2MIN,QC2MAX,RAMP_AGC,RAMP_10,RAMP_30,RAMP_Q,APF,MU_PMAX,MU_PMIN,MU_QMAX,MU_QMIN
1,32.3560139,11.236432,150,-20,1.02321921,100,1,80,0,0,0,0,0,0,0,0,0,0,0,0,0,0,0,0
2,44.6078707,13.0668255,60,-20,1.01507463,100,1,80,0,0,0,0,0,0,0,0,0,0,0,0,0,0,0,0
22,27.500583,10.4418095,62.5,-15,0.999943982,100,1,50,0,0,0,0,0,0,0,0,0,0,0,0,0,0,0,0
27,43.822995,26.9328031,48.7,-15,1.06895166,100,1,55,0,0,0,0,0,0,0,0,0,0,0,0,0,0,0,0
23,21.5403051,16.5813386,40,-10,1.03848114,100,1,30,0,0,0,0,0,0,0,0,0,0,0,0,0,0,0,0
13,21.9059396,21.9765265,44.7,-15,1.04399637,100,1,40,0,0,0,0,0,0,0,0,0,0,0,0,0,0,0,0
