GEN_BUS,PG,QG,QMAX,QMIN,VG,MBASE,GEN_STATUS,PMAX,PMIN,PC1,PC2,QC1MIN,QC1MAX,QC2MIN,QC2MAX,RAMP_AGC,RAMP_10,RAMP_30,RAMP_Q,APF,MU_PMAX,MU_PMIN,MU_QMAX,MU_QMIN
1,41.5420791,-5.43643303,150,-20,0.982372589,100,1,80,0,0,0,0,0,0,0,0,0,0,0,0,0,0,0,0
2,55.4018527,1.67475963,60,-20,0.978717898,100,1,80,0,0,0,0,0,0,0,0,0,0,0,0,0,0,0,0
22,22.7403319,34.1970681,62.5,-15,1.01597777,100,1,50,0,0,0,0,0,0,0,0,0,0,0,0,0,0,0,0
27,39.909021,31.7543759,48.7,-15,1.06895177,100,1,55,0,0,0,0,0,0,0,0,0,0,0,0,0,0,0,0
23,16.2669521,6.95984533,40,-10,1.02558852,100,1,30,0,0,0,0,0,0,0,0,0,0,0,0,0,0,0,0
13,16.2002022,35.9303322,44.7,-15,1.06447171,100,1,40,0,0,0,0,0,0,0,0,0,0,0,0,0,0,0,0
