GEN_BUS,PG,QG,QMAX,QMIN,VG,MBASE,GEN_STATUS,PMAX,PMIN,PC1,PC2,QC1MIN,QC1MAX,QC2MIN,QC2MAX,RAMP_AGC,RAMP_10,RAMP_30,RAMP_Q,APF,MU_PMAX,MU_PMIN,MU_QMAX,MU_QMIN
1,44.7299077,0,150,-20,1,100,1,80,0,0,0,0,0,0,0,0,0,0,0,0,0,0,0,0
2,58.2627517,0,60,-20,1,100,1,80,0,0,0,0,0,0,0,0,0,0,0,0,0,0,0,0
22,22.3135705,0,62.5,-15,1,100,1,50,0,0,0,0,0,0,0,0,0,0,0,0,0,0,0,0
27,32.3259178,0,48.7,-15,1,100,1,55,0,0,0,0,0,0,0,0,0,0,0,0,0,0,0,0
23,15.7839262,0,40,-10,1,100,1,30,0,0,0,0,0,0,0,0,0,0,0,0,0,0,0,0
13,15.7839262,0,44.7,-15,1,100,1,40,0,0,0,0,0,0,0,0,0,0,0,0,0,0,0,0
