MODEL,STARTUP,SHUTDOWN,NCOST,C2,C1,C0
2,0,0,3,0.02,2,0
2,0,0,3,0.0175,1.75,0
2,0,0,3,0.0625,1,0
2,0,0,3,0.00834,3.25,0
2,0,0,3,0.025,3,0
2,0,0,3,0.025,3,0
2,0,0,3,0.02,0,0
2,0,0,3,0.0175,0,0
2,0,0,3,0.0625,0,0
2,0,0,3,0.00834,0,0
2,0,0,3,0.025,0,0
2,0,0,3,0.025,0,0
